{"cameraMode":{"drawMode":0,"name":"Shaded","section":"Shading Mode"},"sceneLighting":false,"audioPlay":false,"sceneViewState":{"m_AlwaysRefresh":false,"showFog":true,"showSkybox":false,"showFlares":true,"showImageEffects":true,"showParticleSystems":true,"showVisualEffectGraphs":true,"m_FxEnabled":true},"in2DMode":false,"pivot":{"x":48.94601821899414,"y":32.75694274902344,"z":147.37034606933595},"rotation":{"x":-0.003218413330614567,"y":-0.9541712403297424,"z":0.2992394268512726,"w":-0.010025099851191044},"size":2.060793161392212,"orthographic":true}