{"cameraMode":{"drawMode":0,"name":"Shaded","section":"Shading Mode"},"sceneLighting":false,"audioPlay":false,"sceneViewState":{"m_AlwaysRefresh":false,"showFog":true,"showSkybox":false,"showFlares":true,"showImageEffects":true,"showParticleSystems":true,"showVisualEffectGraphs":true,"m_FxEnabled":true},"in2DMode":false,"pivot":{"x":200.60000610351563,"y":30.037002563476564,"z":175.60000610351563},"rotation":{"x":-0.003218413330614567,"y":-0.9541712403297424,"z":0.2992394268512726,"w":-0.010025099851191044},"size":51.961524963378909,"orthographic":true}