{"cameraMode":{"drawMode":0,"name":"Shaded","section":"Shading Mode"},"sceneLighting":true,"audioPlay":false,"sceneViewState":{"m_AlwaysRefresh":false,"showFog":true,"showSkybox":true,"showFlares":true,"showImageEffects":true,"showParticleSystems":true,"showVisualEffectGraphs":true,"m_FxEnabled":true},"in2DMode":false,"pivot":{"x":276.4507751464844,"y":14.391743659973145,"z":251.94937133789063},"rotation":{"x":-0.09084279090166092,"y":0.900813639163971,"z":-0.35770905017852785,"w":-0.22877271473407746},"size":0.8268739581108093,"orthographic":false}